<?xml version="1.0" encoding="utf-8"?>
<modification>
	<code>hide_cart_button_if_price_is_zero</code>
	<name>Hide cart button if price is zero</name>
	<version>1.0</version>
	<author>REDS</author>
	<link>http://www.agenciaprai.com</link>
	
	<file path="catalog/controller/common/footer.php">
		<operation>
			<search><![CDATA[
				public function index() {
			]]></search>
			<add  position="after" trim="true"><![CDATA[
				// reds hide button if price zero
				$products = $this->db->query("SELECT product_id FROM ".DB_PREFIX."product WHERE price=0")->rows;
				$pbs=array();
				
				foreach($products as $product){
					$pbs[]=$product['product_id'];
				}
				
				$data['products_banned']=json_encode($pbs);
			]]></add>
		</operation>
	</file>
	
	<file path="catalog/view/theme/*/template/common/footer.twig">
		<operation>
			<search><![CDATA[</body>]]></search>
			<add  position="before" trim="true"><![CDATA[
				<script type="text/javascript"><!--
				var products_banned= {{ products_banned }};
				
				$('[onclick*="addToCart"],[onclick*="cart.add"]').each(function(){
					str=$(this).attr('onclick');
					str=str.replace("addToCart(",'').replace("cart.add(",'').replace('\'','').replace(');','');
					id=str.replace('\'','');
					id=id.split(",");
					id=id[0];
					
					if($.inArray(id,products_banned)!=-1){
						$(this).unbind('onclick').attr('disabled', 'disabled').addClass('btn-warning').removeClass('btn-success');
					}
				});
				
				if($.inArray($('[name=product_id]').val(),products_banned)!=-1)
				$('button').unbind('onclick').attr('disabled', 'disabled').addClass('btn-warning').removeClass('btn-success');
				$('.price').addClass('hidden');
				//--></script>
			]]></add>
		</operation>
	</file>
	
</modification>
